,City,Latitude,Longitude,Max Temp,Humidity,Cloudiness,Wind Speed,Country
0,Luohe,33.57,114.04,298.35,89,0,2.04,CN
1,Lagoa,39.05,-27.98,296.63,86,100,11.79,PT
2,Maniitsoq,65.42,-52.9,282.12,65,0,4.94,GL
3,Ushuaia,-54.8,-68.3,274.15,84,75,14.4,AR
4,Jamestown,42.1,-79.24,294.82,77,90,5.1,US
5,Manjacaze,-24.71,33.88,293.45,70,91,6.57,MZ
6,Vaini,-21.2,-175.2,292.15,88,75,4.6,TO
7,Arraial do Cabo,-22.97,-42.03,298.15,78,75,4.1,BR
8,Tuktoyaktuk,69.45,-133.04,284.15,87,90,3.1,CA
9,Santa Marta,11.24,-74.2,303.15,84,75,3.6,CO
10,Norman Wells,65.28,-126.83,288.15,72,75,5.1,CA
11,Baykit,61.67,96.37,281.18,72,66,1.38,RU
12,Sorokino,53.75,84.92,286.58,91,0,2.05,RU
13,Port Elizabeth,-33.92,25.57,283.15,81,57,7.7,ZA
14,Atuona,-9.8,-139.03,298.6,76,1,7.98,PF
15,Airai,-8.93,125.41,286.39,74,0,0.98,TL
16,Avilés,43.55,-5.92,294.26,82,40,2.6,ES
17,Dikson,73.51,80.55,279.27,91,87,5.78,RU
18,Prudentópolis,-25.21,-50.98,291.31,94,44,1.72,BR
19,Albany,42.6,-73.97,297.59,72,100,3.42,US
20,Mataura,-46.19,168.86,275.93,97,67,0.45,NZ
21,Tiksi,71.69,128.87,277.71,82,0,1.98,RU
22,Pimentel,-6.84,-79.93,295.15,60,63,9.8,PE
23,Yellowknife,62.46,-114.35,288.71,62,75,4.1,CA
24,Chapais,49.78,-74.85,299.15,41,20,6.2,CA
25,Laas,46.62,10.7,290.15,100,40,4.6,IT
26,Lima,-12.04,-77.03,291.15,72,90,3.6,PE
27,Leningradskiy,69.38,178.42,281.16,86,100,2.45,RU
28,George Town,5.41,100.34,299.15,88,40,1.0,MY
29,Marsh Harbour,26.54,-77.06,302.65,67,66,1.28,BS
30,Rikitea,-23.12,-134.97,294.4,79,0,6.06,PF
31,Mortka,59.33,66.02,286.03,97,100,4.17,RU
32,Fort Nelson,58.81,-122.7,290.15,77,90,2.1,CA
33,Punta Arenas,-53.15,-70.92,277.15,64,20,9.3,CL
34,Barrow,71.29,-156.79,277.15,93,90,5.7,US
35,Cedral,23.8,-100.73,300.46,30,99,4.95,MX
36,Port-Gentil,-0.72,8.78,297.15,94,90,6.52,GA
37,Pāthardi,19.17,75.18,296.53,86,100,6.22,IN
38,Ponta Delgada,37.73,-25.67,297.15,83,75,7.7,PT
39,Bogovarovo,58.98,47.02,283.28,81,99,2.17,RU
40,Leh,34.17,77.58,292.76,25,0,2.2,IN
41,Siaya,0.06,34.29,296.15,78,70,2.1,KE
42,Zabaykal'sk,49.63,117.32,288.26,91,100,1.54,RU
43,Capreol,46.71,-80.92,293.71,82,75,3.1,CA
44,Cherskiy,68.75,161.3,278.32,80,97,5.82,RU
45,Biak,-0.91,122.88,296.45,85,99,4.43,ID
46,Nieves,15.33,120.95,297.34,93,92,0.82,PH
47,Butaritari,3.07,172.79,300.72,66,100,1.67,KI
48,Havre-St-Pierre,50.23,-63.6,295.15,53,1,4.1,CA
49,Mwanza,-2.52,32.9,295.15,83,20,2.17,TZ
50,Taoudenni,22.68,-3.98,316.38,6,0,5.03,ML
51,New Norfolk,-42.78,147.06,284.26,90,100,0.45,AU
52,Beringovskiy,63.05,179.32,284.42,83,100,4.29,RU
53,Kaitangata,-46.28,169.85,279.82,84,65,1.64,NZ
54,Khatanga,71.97,102.5,286.42,93,96,1.93,RU
55,Marabu,4.41,114.01,298.15,94,40,1.5,MY
56,Salamanca,40.83,-6.0,295.93,46,0,0.89,ES
57,Russell,32.35,-85.2,306.15,49,20,4.6,US
58,Ericeira,38.96,-9.42,294.26,77,75,3.6,PT
59,Oddur,4.12,43.89,296.37,69,62,7.96,SO
60,Kapaa,22.08,-159.32,300.93,94,90,6.2,US
61,Saposoa,-6.93,-76.77,309.15,41,40,3.1,PE
62,Castro,-24.79,-50.01,289.72,88,99,4.11,BR
63,Øksfjord,70.24,22.35,282.15,87,75,10.8,NO
64,Tocopilla,-22.09,-70.2,290.58,49,19,3.11,CL
65,Saint-Philippe,-21.36,55.77,292.15,72,43,3.1,RE
66,Wadi Maliz,36.47,8.55,302.15,62,40,1.13,TN
67,Rhodes,36.44,28.22,301.15,58,0,6.7,GR
68,Sivas Province,39.79,37.0,283.15,81,0,4.1,TR
69,Archidona,37.1,-4.39,303.71,26,0,2.3,ES
70,Nuuk,64.18,-51.72,284.15,50,0,3.6,GL
71,Samaná,19.21,-69.34,306.15,75,20,4.1,DO
72,Bredasdorp,-34.53,20.04,281.15,75,100,2.1,ZA
73,Östersund,63.18,14.64,287.15,54,0,3.1,SE
74,Hofn,64.25,-15.21,285.85,76,38,1.36,IS
75,Nikolskoye,59.7,30.79,292.15,82,20,3.0,RU
76,Katsuura,35.13,140.3,301.15,94,75,2.1,JP
77,Carballo,43.21,-8.69,291.15,93,75,3.1,ES
78,Kamenka,51.32,42.77,288.15,78,0,0.89,RU
79,Bengkulu,-3.8,102.27,297.58,86,72,1.86,ID
80,Ponta do Sol,32.67,-17.1,298.15,57,20,4.6,PT
81,Kroya,-7.63,109.25,296.94,88,2,2.36,ID
82,Comodoro Rivadavia,-45.87,-67.5,284.15,25,20,8.7,AR
83,Pemangkat,1.17,108.97,298.3,85,66,1.81,ID
84,Lydenburg,-25.1,30.46,279.26,9,6,2.13,ZA
85,Busselton,-33.65,115.33,280.37,82,88,6.76,AU
86,Peñal,10.17,-61.47,302.04,85,78,3.35,TT
87,Pascagoula,30.37,-88.56,308.15,47,40,3.1,US
88,Dingli,35.86,14.38,302.15,62,0,2.1,MT
89,Guerrero Negro,27.98,-114.06,304.72,45,38,6.37,MX
90,Constitución,-35.33,-72.42,285.23,59,90,7.72,CL
91,Mehamn,71.04,27.85,282.15,81,75,8.7,NO
92,Kingaroy,-26.53,151.83,275.15,100,0,2.1,AU
93,Bluff,-46.6,168.33,275.93,97,76,0.45,NZ
94,Lumeje,-11.55,20.78,294.48,22,0,1.96,AO
95,Sechura,-5.56,-80.82,296.72,55,64,7.29,PE
96,Iqaluit,63.75,-68.51,281.15,87,75,8.7,CA
97,Ribeira Grande,38.52,-28.7,297.15,88,40,7.7,PT
98,Taldan,53.67,124.8,283.62,98,99,0.79,RU
99,Port Alfred,-33.59,26.89,284.45,64,13,7.08,ZA
100,Nakusp,50.25,-117.8,300.93,49,0,0.89,CA
101,Geraldton,-28.77,114.6,287.15,71,75,6.2,AU
102,Saint-Joseph,-21.37,55.62,292.15,72,22,3.1,RE
103,Ancud,-41.87,-73.82,284.26,70,75,1.5,CL
104,Saldanha,-33.01,17.94,283.15,81,69,0.5,ZA
105,Bogandinskiy,56.89,65.89,288.15,93,20,2.0,RU
106,Ust-Nera,64.57,143.2,277.81,69,0,2.75,RU
107,Upernavik,72.79,-56.15,278.51,66,0,3.3,GL
108,Hong Kong,22.29,114.16,302.04,79,4,2.24,HK
109,Qaanaaq,77.48,-69.36,278.3,65,0,1.4,GL
110,Petropavlovsk-Kamchatskiy,53.05,158.65,282.15,100,40,2.0,RU
111,Mar del Plata,-38.0,-57.56,288.71,58,59,9.3,AR
112,Cape Town,-33.93,18.42,283.71,81,99,2.6,ZA
113,Hilo,19.73,-155.09,301.15,65,20,3.1,US
114,Pangnirtung,66.15,-65.71,284.15,76,90,8.7,CA
115,Pathein,16.78,94.73,298.65,92,100,2.91,MM
116,Tadine,-21.55,167.88,294.69,87,96,5.96,NC
117,Ibrā’,22.69,58.53,304.74,46,97,2.67,OM
118,Ahipara,-35.17,173.17,284.51,76,92,4.83,NZ
119,Malbork,54.04,19.03,295.37,64,3,2.1,PL
120,El Porvenir,13.76,-87.35,300.15,65,75,2.1,HN
121,Hobart,-42.88,147.33,284.26,93,90,3.6,AU
122,Tall Kayf,37.08,41.07,301.15,13,0,3.1,TR
123,Lata,40.16,-8.33,293.71,86,73,0.45,PT
124,Egvekinot,66.32,-179.17,282.55,80,100,2.14,RU
125,Oranjemund,-28.55,16.43,285.44,68,0,10.2,NA
126,Kavieng,-2.57,150.8,300.78,78,50,4.76,PG
127,Talnakh,69.49,88.4,288.15,54,99,4.0,RU
128,Davidson,36.15,-86.78,305.15,52,75,3.6,US
129,Omsukchan,62.53,155.8,280.15,70,0,3.75,RU
130,Hualmay,-11.1,-77.61,291.87,67,6,5.06,PE
131,Husavik,66.04,-17.34,290.15,63,84,4.1,IS
132,Adilabad,19.67,78.53,297.1,91,100,6.91,IN
133,Naze,28.37,129.48,300.15,94,40,1.0,JP
134,São José da Coroa Grande,-8.9,-35.15,297.88,80,30,4.5,BR
135,Thinadhoo,0.53,72.93,302.17,68,100,2.17,MV
136,Carnarvon,-24.87,113.63,284.15,100,90,2.6,AU
137,Praia,14.92,-23.51,302.15,70,20,5.7,CV
138,Ilulissat,69.22,-51.1,278.15,60,0,2.6,GL
139,Thompson,55.74,-97.86,290.15,63,75,7.7,CA
140,Bilibino,68.05,166.44,278.65,85,100,3.27,RU
141,Tahe,52.33,124.73,284.83,94,94,0.94,CN
142,Richards Bay,-28.78,32.04,289.74,57,98,3.11,ZA
143,Tura,25.52,90.22,297.16,98,100,2.79,IN
144,Perth,-31.93,115.83,286.15,87,75,4.1,AU
145,Tasiilaq,65.61,-37.64,279.15,93,100,4.1,GL
146,Saint-Pierre,-21.34,55.48,292.15,72,6,3.1,RE
147,Collierville,35.04,-89.66,304.26,62,75,5.7,US
148,Waingapu,-9.66,120.26,296.15,83,5,2.4,ID
149,Mabaruma,8.2,-59.78,303.48,61,99,2.12,GY
150,Cabo San Lucas,22.89,-109.91,307.59,55,20,3.1,MX
151,San Quintín,30.48,-115.95,301.08,50,60,4.83,MX
152,Kruisfontein,-34.0,24.73,283.15,64,99,0.89,ZA
153,Naviraí,-23.07,-54.19,293.97,93,100,2.99,BR
154,Biskamzha,53.45,89.53,285.09,88,100,1.14,RU
155,East London,-33.02,27.91,285.89,58,1,6.63,ZA
156,Port Moresby,-9.44,147.18,292.15,93,20,2.6,PG
157,Lorengau,-2.02,147.27,300.85,78,86,4.5,PG
158,Saint-Leu,-21.15,55.28,292.15,72,10,3.1,RE
159,Puerto Ayora,-0.74,-90.35,297.15,60,51,10.8,EC
160,Bethel,41.37,-73.41,292.15,88,90,3.1,US
161,Vanimo,-2.67,141.3,298.64,84,89,1.93,PG
162,Joshīmath,30.57,79.57,294.19,60,93,0.78,IN
163,Kloulklubed,7.04,134.26,299.15,94,75,2.1,PW
164,Haines Junction,60.75,-137.51,283.26,85,100,1.31,CA
165,Eyl,7.98,49.82,297.81,77,45,10.69,SO
166,Dutse,11.76,9.34,298.88,76,99,3.87,NG
167,Kieta,-6.22,155.63,298.24,79,0,1.61,PG
168,Saint George,37.1,-113.58,315.93,10,1,2.6,US
169,Rawson,-43.3,-65.1,283.91,41,47,11.22,AR
170,Wewak,-3.55,143.63,298.82,86,7,3.5,PG
171,Rome,43.21,-75.46,300.15,51,40,5.1,US
172,Caruray,10.31,119.01,300.22,76,100,2.56,PH
173,Fargo,46.88,-96.79,302.04,51,1,3.6,US
174,Bath,51.38,-2.36,292.04,83,94,0.45,GB
175,Bambous Virieux,-20.34,57.76,295.15,73,75,7.7,MU
176,Narsaq,60.92,-46.05,286.15,47,54,2.6,GL
177,Prince George,53.92,-122.75,298.15,60,1,1.5,CA
178,Alugan,12.22,125.48,298.68,85,98,1.17,PH
179,Lebu,-37.62,-73.65,283.34,82,96,2.43,CL
180,Weligama,5.97,80.42,298.19,89,100,2.91,LK
181,Necochea,-38.55,-58.74,284.82,57,100,5.36,AR
182,Tuatapere,-46.13,167.68,275.93,97,90,0.45,NZ
183,Saskylakh,71.92,114.08,280.57,78,0,0.51,RU
184,Ostrovnoy,68.05,39.51,280.05,82,6,6.6,RU
185,Kamennomostskoye,43.74,43.05,293.15,59,90,2.0,RU
186,Palana,59.12,159.97,283.91,75,14,2.24,RU
187,San Patricio,19.22,-104.7,303.15,74,40,4.03,MX
188,Fortuna,40.6,-124.16,294.26,81,76,0.89,US
189,São Gabriel da Cachoeira,-0.13,-67.09,306.15,63,40,1.5,BR
190,Nanortalik,60.14,-45.24,279.89,71,48,3.66,GL
191,Ziębice,50.6,17.04,296.15,49,89,2.1,PL
192,Moerai,-22.43,-151.33,297.08,85,25,5.89,PF
193,Dwārka,22.24,68.97,301.55,83,100,8.48,IN
194,Oxford,51.75,-1.26,293.15,77,75,2.6,GB
195,Carman,49.5,-98.0,298.71,45,59,2.68,CA
196,Aljezur,37.32,-8.8,296.48,55,0,4.03,PT
197,Prieska,-29.66,22.75,278.29,55,0,0.52,ZA
198,Hermanus,-34.42,19.23,280.37,88,100,1.29,ZA
199,Berdigestyakh,62.1,126.7,279.58,75,87,1.47,RU
200,Caravelas,-17.71,-39.25,297.84,79,0,3.45,BR
201,Båtsfjord,70.63,29.72,282.15,100,75,12.3,NO
202,Yangi Marg`ilon,40.43,71.72,300.15,36,0,3.1,UZ
203,Birjand,32.87,59.22,299.15,26,0,8.2,IR
204,Juneau,58.3,-134.42,285.93,93,90,1.5,US
205,Tabou,4.42,-7.35,297.01,76,21,2.86,CI
206,Belaya Gora,68.53,146.42,277.94,81,81,4.96,RU
207,Asău,46.43,26.4,294.26,73,38,1.0,RO
208,Aykhal,66.0,111.5,283.15,58,82,2.0,RU
209,Chennai,13.09,80.28,302.15,66,75,1.0,IN
210,North Bend,43.41,-124.22,303.71,56,1,2.1,US
211,Cockburn Town,21.46,-71.14,302.15,79,40,4.1,TC
212,Centralia,46.72,-122.95,307.59,36,1,2.1,US
213,Provideniya,64.38,-173.3,285.15,76,100,1.0,RU
214,Belmonte,-15.86,-38.88,298.15,78,75,4.6,BR
215,Singaraja,-8.11,115.09,298.3,72,7,2.14,ID
216,Bundaberg,-24.85,152.35,285.15,62,0,3.6,AU
217,La Ronge,55.1,-105.28,291.15,59,75,5.7,CA
218,Tommot,58.96,126.29,277.82,90,51,1.23,RU
219,Dunedin,-45.87,170.5,279.82,80,74,1.46,NZ
220,Lázaro Cárdenas,17.96,-102.2,303.88,65,0,3.44,MX
221,Guarapari,-20.67,-40.5,300.93,71,41,7.89,BR
222,Esperance,-33.87,121.9,282.15,81,55,9.8,AU
223,Umeå,63.83,20.26,288.15,54,0,2.6,SE
224,Chui,-33.7,-53.46,285.14,55,0,3.75,UY
225,Mt. Pleasant,32.79,-79.86,305.15,66,40,5.02,US
226,Cidreira,-30.18,-50.21,286.62,52,0,2.69,BR
227,Buenos Aires,-34.61,-58.38,292.15,19,0,6.7,AR
228,Mount Gambier,-37.83,140.77,277.15,100,100,3.1,AU
229,Puerto Cabezas,14.04,-83.39,304.15,74,40,2.1,NI
230,Gappal,16.84,121.82,297.0,89,100,0.72,PH
231,Ryōtsu-minato,38.08,138.43,299.15,94,100,1.5,JP
232,Kavaratti,10.57,72.64,300.85,81,100,7.23,IN
233,Glarus,47.04,9.07,298.15,50,20,2.6,CH
234,Ashcroft,50.72,-121.29,302.15,39,5,2.1,CA
235,Los Llanos de Aridane,28.66,-17.92,297.15,69,20,7.2,ES
236,Lavrentiya,65.58,-171.0,285.18,59,100,2.17,RU
237,Killam,52.78,-111.85,298.74,49,0,4.75,CA
238,Kudahuvadhoo,2.67,72.89,301.55,68,77,1.1,MV
239,Hithadhoo,-0.6,73.08,301.82,66,80,0.95,MV
240,Nyurba,63.28,118.33,278.63,83,98,1.3,RU
241,New Philadelphia,40.49,-81.45,295.15,94,90,2.1,US
242,Khor,47.89,134.95,285.61,96,4,3.19,RU
243,Tual,-5.67,132.75,299.33,77,50,8.79,ID
244,Belene,43.65,25.12,294.26,71,34,0.46,BG
245,Mossamedes,-15.2,12.15,291.26,82,97,2.12,AO
246,Mahébourg,-20.41,57.7,295.15,73,75,7.7,MU
247,San Cristobal,7.77,-72.22,306.15,49,20,5.1,VE
248,Chokurdakh,70.63,147.92,277.39,94,100,5.01,RU
249,Belyy,55.84,32.94,289.12,90,0,2.17,RU
250,Fuyang,32.9,115.82,299.38,84,56,2.37,CN
251,Cabedelo,-6.98,-34.83,300.15,74,20,6.7,BR
252,Vilyuysk,63.76,121.62,278.17,84,0,1.9,RU
253,Westport,41.14,-73.36,293.15,88,90,6.7,US
254,Makkah al Mukarramah,21.43,39.83,307.42,24,47,2.36,SA
255,Bakel,14.9,-12.46,305.17,58,89,4.35,SN
256,Khorramshahr,30.44,48.17,308.15,26,0,4.1,IR
257,Tokur,53.13,132.9,281.55,98,100,1.89,RU
258,Christchurch,-43.53,172.63,273.71,92,0,1.5,NZ
259,Honningsvåg,70.98,25.97,282.15,81,75,13.9,NO
260,Ouésso,1.61,16.05,296.26,91,100,0.05,CG
261,Minot,48.23,-101.3,300.15,36,1,7.2,US
262,Sterling,39.01,-77.43,297.15,69,90,2.6,US
263,Kutum,14.2,24.67,298.74,60,87,3.16,SD
264,Verāval,20.9,70.37,300.93,84,100,8.4,IN
265,Saint Anthony,45.02,-93.22,302.04,39,1,4.1,US
266,Sitka,57.05,-135.33,287.15,87,90,1.92,US
267,Malpe,13.35,74.72,299.15,88,90,2.6,IN
268,Jalu,29.03,21.55,303.2,45,0,6.25,LY
269,Kirakira,-10.45,161.92,298.58,79,0,1.17,SB
270,Nome,64.5,-165.41,282.15,100,90,2.6,US
271,Xifeng,42.74,124.72,292.2,77,97,1.63,CN
272,Alpena,45.06,-83.43,299.15,47,40,2.6,US
273,Barraute,48.43,-77.63,293.15,88,90,4.1,CA
274,Chingirlau,51.09,54.08,288.12,74,100,4.79,KZ
275,Nemuro,43.32,145.57,289.9,91,0,2.53,JP
276,Bandarbeyla,9.49,50.81,297.31,80,99,14.04,SO
277,Ayorou,14.73,0.92,307.16,40,0,2.51,NE
278,Esim,4.87,-2.24,296.69,84,14,4.18,GH
279,Saint Paul Harbor,57.79,-152.41,294.15,43,1,6.7,US
280,Safranbolu,41.25,32.69,288.52,72,4,0.4,TR
281,Krasnyy Oktyabr',56.12,38.88,288.64,95,64,2.89,RU
282,Tomatlán,19.93,-105.25,309.22,43,4,2.43,MX
283,Maxixe,-23.86,35.35,294.15,88,28,2.1,MZ
284,Pyn U Lwin,22.03,96.47,291.38,100,100,1.39,MM
285,Kalabo,-14.97,22.68,292.58,22,0,2.2,ZM
286,Rocha,-34.48,-54.33,284.38,60,0,3.85,UY
287,Estelle,29.85,-90.11,308.15,56,40,2.6,US
288,Shetpe,44.17,52.12,291.08,55,0,3.36,KZ
289,Bantry,51.68,-9.45,291.15,100,90,1.0,IE
290,Bauta,22.98,-82.55,306.15,63,75,3.1,CU
291,Ilo,-17.64,-71.34,289.83,69,61,3.64,PE
292,Serenje,-13.23,30.24,289.83,31,0,2.86,ZM
293,Coquimbo,-29.95,-71.34,286.15,71,20,5.1,CL
294,Blechepsin,44.82,40.5,287.91,40,0,3.03,RU
295,Uchiza,-8.46,-76.46,305.02,45,83,0.5,PE
296,Nizwá,22.93,57.53,305.8,39,8,2.01,OM
297,Alamogordo,32.9,-105.96,308.15,19,1,5.1,US
298,Alice Springs,-23.7,133.88,293.15,32,42,6.7,AU
299,Akil,20.25,-89.35,310.74,31,100,2.35,MX
300,Najrān,17.49,44.13,306.15,19,40,3.1,SA
301,Columbia,34.0,-81.03,303.15,61,90,2.1,US
302,Krasnyy Chikoy,50.36,108.75,285.83,84,94,1.18,RU
303,Kochki,54.34,80.48,285.74,92,100,3.96,RU
304,Atar,20.52,-13.05,315.07,12,60,3.86,MR
305,Liberal,37.04,-100.92,294.15,88,90,6.7,US
306,Torbay,47.67,-52.73,292.59,48,5,3.6,CA
307,Mutoko,-17.4,32.23,288.93,32,0,1.42,ZW
308,Meulaboh,4.14,96.13,297.71,88,58,2.23,ID
309,Gamba,-2.65,10.0,296.64,85,100,3.46,GA
310,Makassar,-5.14,119.42,296.15,94,20,0.5,ID
311,Eureka,40.8,-124.16,298.71,25,61,0.45,US
312,Antalya Province,36.77,30.72,300.15,57,0,2.1,TR
313,Hernani,43.27,-1.98,295.15,68,100,1.0,ES
314,Avarua,-21.21,-159.78,295.15,64,21,2.6,CK
315,Kaina,12.64,8.59,299.15,83,20,2.1,NG
316,Arrondissement de Saint-Denis,48.92,2.33,296.15,64,14,3.1,FR
317,Pokhara,28.23,83.98,296.13,81,100,0.56,NP
318,Puri,19.8,85.85,301.15,94,75,5.1,IN
319,Beidao,34.57,105.89,290.79,86,100,2.44,CN
320,Kibakwe,-6.72,36.37,290.32,66,3,2.46,TZ
321,Porto-Novo,6.5,2.6,298.15,88,20,3.6,BJ
322,Vila Velha,-20.33,-40.29,300.93,74,20,6.7,BR
323,Xining,36.62,101.77,284.27,83,100,0.64,CN
324,Eirunepé,-6.66,-69.87,307.04,43,85,1.31,BR
325,Basoko,1.24,23.62,295.73,95,100,2.42,CD
326,Lüderitz,-26.65,15.16,287.56,48,0,9.96,NA
327,Moriyama,35.07,135.98,299.82,92,20,0.94,JP
328,Āmol,36.47,52.35,297.15,88,75,3.1,IR
329,Hearst,49.68,-83.67,298.29,35,28,3.39,CA
330,Namie,37.48,141.0,298.15,89,86,1.6,JP
331,Kargasok,59.06,80.86,283.73,92,37,1.42,RU
332,Yamethin,20.43,96.15,296.09,92,100,3.72,MM
333,Panzhihua,26.59,101.71,295.44,84,100,0.67,CN
334,Ranong,9.97,98.63,299.24,82,100,2.61,TH
335,Hasaki,35.73,140.83,298.15,88,75,1.5,JP
336,Yenagoa,4.92,6.26,297.9,79,96,2.71,NG
337,Khandyga,62.67,135.6,277.02,71,39,1.91,RU
338,Cookeville,36.16,-85.5,302.59,54,20,2.6,US
339,College,64.86,-147.8,292.04,59,1,2.34,US
340,Dapaong,10.86,0.2,297.05,83,0,2.79,TG
341,Linxia Chengguanzhen,35.6,103.21,285.54,80,100,1.35,CN
342,Guaymas,27.93,-110.9,312.04,60,5,7.7,MX
343,Guaratuba,-25.88,-48.57,290.93,93,75,2.1,BR
344,Manaure,11.78,-72.44,305.32,57,98,5.45,CO
345,Mugur-Aksy,50.35,90.5,280.34,80,100,1.56,RU
346,Yeruham,30.99,34.93,294.82,41,0,2.23,IL
347,Chernyshevskiy,63.01,112.47,278.24,70,0,1.15,RU
348,Clyde River,70.47,-68.59,279.15,87,75,10.3,CA
349,Mastic Beach,40.77,-72.85,294.15,88,90,2.1,US
350,Yankton,42.87,-97.4,303.71,65,1,2.6,US
351,Touros,-5.2,-35.46,300.15,65,20,5.7,BR
352,Mīnāb,27.15,57.08,305.15,66,97,1.75,IR
353,Yugorsk,61.31,63.33,284.23,88,100,3.32,RU
354,Rosetta,31.4,30.42,300.15,78,20,5.1,EG
355,Bariloche,-41.15,-71.31,281.15,52,40,11.8,AR
356,Weimar,50.98,11.32,296.48,63,4,0.45,DE
357,Emerald,-23.53,148.17,281.15,70,0,1.5,AU
358,Matara,5.95,80.54,298.0,89,98,3.35,LK
359,Bilma,18.69,12.92,309.18,13,0,1.99,NE
360,Moundsville,39.92,-80.74,300.37,57,90,2.1,US
361,Wrocław,51.1,17.03,296.48,49,48,2.1,PL
362,Avera,33.19,-82.53,303.15,66,75,3.1,US
363,Maryville,35.76,-83.97,303.15,58,40,1.5,US
364,Acaraú,-2.89,-40.12,301.26,55,0,8.61,BR
365,Miraflores,19.22,-98.81,296.15,49,75,5.1,MX
366,Port Hedland,-20.32,118.57,292.15,100,0,3.6,AU
367,Yatou,37.15,122.38,297.18,95,18,2.36,CN
368,Linqiong,30.42,103.46,295.93,100,40,4.0,CN
369,Kozhevnikovo,56.26,83.97,287.59,88,0,1.2,RU
370,Ola,59.58,151.28,286.3,73,100,2.31,RU
371,Luanda,-8.84,13.23,295.15,83,6,2.6,AO
372,Vágur,61.47,-6.81,285.5,93,100,5.38,FO
373,Luena,-11.78,19.92,290.72,28,0,1.3,AO
374,Dingcheng,32.13,115.04,300.27,78,26,1.34,CN
375,Ormara,25.21,64.64,301.58,85,100,5.44,PK
376,Fort Dodge,42.5,-94.17,301.15,54,75,1.5,US
377,Joaçaba,-27.18,-51.5,295.1,66,7,0.82,BR
378,Alekseyevsk,57.84,108.35,279.59,76,0,2.56,RU
379,City of San Pedro,14.35,121.02,299.26,100,91,1.5,PH
380,Cap Malheureux,-19.98,57.61,294.82,75,27,3.58,MU
381,Nerchinskiy Zavod,51.31,119.61,283.62,96,99,2.42,RU
382,The Valley,18.22,-63.06,305.15,62,20,6.7,AI
383,Puerto Madero,14.72,-92.42,304.15,74,75,2.1,MX
384,Waharoa,-37.77,175.77,281.48,85,100,0.89,NZ
385,Salalah,17.02,54.09,298.15,100,90,2.6,OM
386,Dobre Miasto,53.99,20.4,293.15,64,9,2.31,PL
387,Arlit,18.74,7.39,308.85,29,56,4.14,NE
388,Preobrazheniye,42.9,133.91,293.23,79,0,1.93,RU
389,Karpushikha,57.5,59.9,283.0,96,100,2.38,RU
390,Majene,-3.54,118.97,298.5,85,98,4.95,ID
391,Zhezkazgan,47.8,67.71,292.57,35,0,3.15,KZ
392,Inhambane,-23.86,35.38,294.15,88,29,2.1,MZ
393,Adrar,20.5,-10.07,314.86,13,74,0.48,MR
394,Formosa do Rio Preto,-11.05,-45.19,307.43,19,0,2.02,BR
395,Flinders,-34.58,150.86,287.04,66,27,3.58,AU
396,Forsytheganj,52.63,29.73,290.21,86,0,2.12,BY
397,Assiut,27.18,31.18,305.15,35,0,5.1,EG
398,Broken Hill,-31.95,141.43,280.15,87,0,3.1,AU
399,Yar-Sale,66.83,70.83,281.92,82,100,2.09,RU
400,Borovskoy,53.8,64.15,285.07,86,0,3.56,KZ
401,Nishihara,26.18,127.76,302.15,74,20,3.6,JP
402,Mzimba,-11.9,33.6,291.09,41,5,3.72,MW
403,Sidi Ali,36.1,0.42,294.24,68,0,1.65,DZ
404,Ratnagiri,16.98,73.3,299.84,86,100,7.25,IN
405,Rafai,4.95,23.92,295.14,94,100,0.92,CF
406,Fairbanks,64.84,-147.72,292.04,55,1,2.34,US
407,Bubaque,11.28,-15.83,300.24,83,100,7.1,GW
408,Fare,-16.7,-151.02,298.64,72,0,6.36,PF
409,Vredendal,-31.67,18.5,282.44,73,97,3.02,ZA
410,Chlórakas,34.8,32.41,298.15,94,40,2.1,CY
411,Tiznit Province,29.58,-9.5,296.03,47,0,0.53,MA
412,Boguchany,58.38,97.45,282.14,65,22,2.07,RU
413,Aklavik,68.22,-135.01,284.15,87,90,1.0,CA
414,Natal,-5.79,-35.21,301.15,65,40,8.2,BR
415,Olafsvik,64.89,-23.71,285.84,87,87,1.79,IS
416,Spiridonovka,53.09,50.65,286.15,93,40,2.0,RU
417,Sasolburg,-26.81,27.82,280.08,52,0,2.97,ZA
418,Port-Cartier,50.03,-66.87,293.71,60,20,3.1,CA
419,Itajuípe,-14.68,-39.38,299.15,78,75,5.1,BR
420,Zhigansk,66.77,123.37,278.74,74,0,4.0,RU
421,Pekalongan,-6.89,109.68,298.44,81,25,2.44,ID
422,Waipawa,-41.41,175.52,278.15,86,13,2.6,NZ
423,Quang Ngai,15.12,108.8,297.86,87,100,2.22,VN
424,Okahandja,-21.98,16.92,289.15,21,0,2.6,NA
425,San Juan,-31.54,-68.54,292.42,22,0,4.35,AR
426,Guider,9.93,13.95,298.37,85,100,0.29,CM
427,Pita,10.83,-12.58,295.99,90,100,0.95,GN
428,Muravlenko,63.79,74.52,282.9,97,100,0.91,RU
429,Tabas,33.6,56.92,312.15,11,0,3.1,IR
430,Yaring,6.87,101.37,298.9,83,0,2.19,TH
431,Yuanping,38.72,112.76,292.04,94,100,0.15,CN
432,Sīta Road,27.03,67.85,310.72,48,99,5.61,PK
433,Novopokrovka,49.84,36.55,293.15,52,60,3.0,UA
434,Lompoc,34.64,-120.46,303.71,51,1,5.7,US
435,Cascais,38.7,-9.42,294.82,77,75,3.6,PT
436,Taree,-31.9,152.47,285.15,58,1,3.1,AU
437,Pierre,44.37,-100.35,305.37,25,1,7.7,US
438,Kitami,43.8,143.89,290.1,91,1,1.87,JP
439,Riyadh,24.69,46.72,309.15,16,1,2.1,SA
440,Elko,41.0,-115.5,309.15,11,20,3.1,US
441,San-Pédro,4.75,-6.64,296.37,81,0,3.09,CI
442,Niono,14.25,-5.99,303.55,56,13,3.26,ML
443,Kostanay,53.17,63.58,286.15,87,75,4.0,KZ
444,Tilichiki,60.47,166.1,284.37,75,100,2.82,RU
445,Kyren,51.68,102.14,285.66,79,62,0.39,RU
446,Khani,41.96,42.96,294.15,77,75,2.1,GE
447,Kérouané,9.27,-9.02,294.71,91,66,1.77,GN
448,Solano,38.23,-121.95,309.26,34,20,4.1,US
449,São Filipe,14.9,-24.5,300.16,79,85,5.48,CV
450,Bracebridge,45.03,-79.32,295.15,78,90,3.1,CA
451,Cayenne,4.93,-52.33,305.15,52,100,4.6,GF
452,Kwang Binh,17.48,106.6,299.34,78,100,3.02,VN
453,Payo,-3.75,103.64,295.27,94,33,0.81,ID
454,Pamplona,42.82,-1.64,293.15,64,20,4.6,ES
455,Patacamaya,-17.23,-67.92,288.04,33,99,7.99,BO
456,Vangaindrano,-23.35,47.6,291.04,91,4,3.07,MG
457,Jerome,42.72,-114.52,311.48,18,1,4.1,US
458,Raudeberg,61.99,5.14,289.26,91,0,8.69,NO
459,Verkhnevilyuysk,63.45,120.32,277.92,92,0,1.67,RU
460,Tigil',57.8,158.67,285.14,70,45,1.58,RU
461,Sur,22.57,59.53,305.25,54,92,4.72,OM
462,Morondava,-20.28,44.28,294.96,79,0,5.42,MG
463,Umluj,25.02,37.27,303.38,55,0,0.96,SA
464,Annau,37.89,58.52,300.15,44,90,3.1,TM
465,Faanui,-16.48,-151.75,298.35,73,0,7.16,PF
466,Matsusaka,34.57,136.53,299.15,88,40,1.5,JP
467,Lashio,22.93,97.75,292.54,100,100,0.91,MM
468,Ginir,7.13,40.7,290.79,77,54,3.02,ET
469,Grindavik,63.84,-22.43,286.15,87,75,9.3,IS
470,Alghero,40.56,8.32,298.15,83,0,1.0,IT
471,Abadan,38.05,58.21,300.15,44,90,3.1,TM
472,Owase,34.07,136.2,300.67,66,29,1.7,JP
473,San Jerónimo,-11.95,-75.28,292.04,29,88,4.55,PE
474,Iranshahr,27.2,60.68,312.15,31,32,5.1,IR
475,Laguna,38.42,-121.42,313.71,25,1,4.6,US
476,Barcelos,41.54,-8.62,291.48,100,90,4.6,PT
477,Sisimiut,66.94,-53.67,282.84,57,0,4.18,GL
478,Ambunti,-4.24,142.84,295.45,98,11,0.42,PG
479,Henties Bay,-22.12,14.28,286.48,84,0,1.34,NA
480,Anloga,5.79,0.9,297.15,88,20,5.7,GH
481,Longyearbyen,78.22,15.64,281.15,65,75,3.1,SJ
482,Kalemie,-5.95,29.19,295.47,52,9,1.39,CD
483,Fes,34.04,-5.0,300.15,39,0,5.7,MA
484,Cedar City,37.68,-113.06,309.15,7,1,3.6,US
485,Port Hardy,50.7,-127.42,290.15,88,75,1.5,CA
486,Klaksvík,62.23,-6.59,286.15,93,100,3.1,FO
487,Yelan’-Koleno,51.15,41.23,287.49,82,0,2.52,RU
488,Khovd,48.01,91.64,287.42,68,100,2.54,MN
489,Takoradze,4.88,-1.76,296.53,85,6,4.12,GH
490,Nantucket,41.28,-70.1,292.15,88,75,6.7,US
491,Charters Towers,-20.1,146.27,284.52,47,5,3.01,AU
492,Craig,40.52,-107.55,303.15,11,1,1.5,US
493,Druzhba,52.04,33.95,289.22,91,1,2.79,UA
494,Pevek,69.7,170.31,278.78,81,0,0.55,RU
495,Manokwari,-0.87,134.08,299.37,74,100,2.15,ID
496,Kurchum,48.57,83.65,289.93,51,5,1.62,KZ
497,Itapirapuã,-15.82,-50.61,309.61,16,0,1.7,BR
498,Careiro da Várzea,-3.2,-59.81,309.15,50,40,1.5,BR
499,Boshan,36.48,117.83,300.93,89,95,2.08,CN
500,Calamar,10.25,-74.91,304.15,70,40,2.1,CO
501,Leeuwarden,53.2,5.81,297.59,88,90,2.6,NL
502,Sinnamary,5.38,-52.95,301.74,74,100,3.82,GF
503,Ploemeur,47.73,-3.43,291.15,82,0,1.5,FR
504,Vila Franca do Campo,37.72,-25.43,297.15,83,75,7.7,PT
505,Severo-Kuril'sk,50.68,156.12,283.2,90,79,2.95,RU
506,Patan,27.67,85.33,295.15,100,75,0.43,NP
507,Acarí,-15.43,-74.62,295.59,40,99,3.59,PE
508,Kiryat Gat,31.61,34.76,300.93,41,0,1.27,IL
509,Gay,51.47,58.46,286.15,93,0,6.0,RU
510,Mayo,38.89,-76.51,296.15,84,90,4.1,US
511,Krasnosel'kup,65.7,82.47,287.41,94,53,4.2,RU
512,Martil,35.62,-5.28,298.15,44,0,3.1,MA
513,Buluang,13.31,123.34,298.61,87,79,0.65,PH
514,Livingston,55.9,-3.52,287.59,87,90,5.1,GB
515,Kumul,42.8,93.45,296.77,20,0,1.1,CN
516,Departamento de Maldonado,-34.67,-54.92,289.15,36,0,7.7,UY
517,Arman',59.7,150.17,286.41,79,100,1.58,RU
518,Palora,-1.7,-77.93,300.15,65,40,2.1,EC
519,Sertânia,-8.07,-37.26,299.98,52,70,4.81,BR
520,Griffith,41.53,-87.42,301.48,44,1,1.5,US
521,Vestmannaeyjar,63.44,-20.27,285.15,93,75,9.3,IS
522,Băuţar,45.52,22.57,289.06,82,99,1.93,RO
523,Kjøllefjord,70.95,27.35,282.15,81,75,13.9,NO
524,Quatre Cocos,-20.21,57.76,295.15,73,75,7.7,MU
525,Galle,6.04,80.22,298.95,88,95,2.68,LK
526,Novo Aripuanã,-5.12,-60.38,310.78,25,95,1.88,BR
527,Muros,42.78,-9.06,290.93,92,83,2.68,ES
528,Moranbah,-22.0,148.05,283.88,52,0,1.46,AU
529,Ayan,56.45,138.17,285.49,92,100,3.8,RU
530,Rosetown,51.55,-108.0,300.37,36,0,1.34,CA
531,Port Blair,11.67,92.75,300.72,79,86,5.41,IN
532,Sørland,67.67,12.69,282.15,81,75,3.1,NO
533,Leshukonskoye,64.9,45.76,280.23,96,0,2.35,RU
534,Maragogi,-9.01,-35.22,297.56,82,6,4.46,BR
535,Port Lincoln,-34.73,135.87,286.35,59,71,7.92,AU
536,Jega,12.22,4.38,300.24,72,74,3.03,NG
537,Yamada,39.47,141.95,296.63,73,100,1.09,JP
538,Beloha,-25.17,45.05,292.01,52,0,0.94,MG
539,Yilan,24.76,121.75,301.15,83,75,5.1,TW
540,Lantawan,10.62,123.98,299.15,94,90,1.5,PH
541,Koundara,12.48,-13.3,297.72,93,100,3.68,GN
542,Lipin Bor,60.26,37.98,286.12,68,0,4.83,RU
543,Fatehpur Sikri,27.1,77.67,304.23,68,0,0.27,IN
544,Pandan,14.05,124.17,299.65,85,98,1.76,PH
545,Smoky Lake,54.12,-112.47,299.82,55,0,2.68,CA
546,Sal Rei,16.18,-22.92,300.15,74,75,8.2,CV
547,Bukama,-9.2,25.85,296.59,22,44,0.81,CD
548,Chimbote,-9.09,-78.58,291.89,69,4,6.0,PE
549,Soverato Marina,38.69,16.55,297.15,78,0,1.5,IT
550,Ixtapa,20.7,-105.2,304.26,62,75,2.6,MX
551,Carutapera,-1.2,-46.02,301.49,67,85,5.36,BR
552,Reconquista,-29.15,-59.65,293.05,27,0,2.85,AR
553,Kahului,20.89,-156.47,302.15,58,20,8.2,US
554,Kajaani,64.23,27.73,286.15,58,0,4.1,FI
555,Monroe,43.15,-77.68,297.59,83,90,3.1,US
556,Chincha Alta,-13.41,-76.13,291.48,77,42,5.1,PE
557,Fershampenuaz,53.52,59.81,283.92,90,99,5.25,RU
558,Aurillac,44.92,2.45,292.59,68,92,1.0,FR
559,Bar Harbor,44.39,-68.2,295.93,68,90,3.6,US
560,Nyírbéltek,47.7,22.13,294.15,83,20,2.1,HU
561,Bara,10.37,10.73,298.55,74,100,2.51,NG
562,Alyangula,-13.85,136.42,290.15,100,7,0.5,AU
563,Berlevåg,70.86,29.09,282.15,81,75,8.7,NO
564,Mackay,-21.15,149.2,283.15,87,0,2.6,AU
565,Karratha,-20.74,116.85,293.18,62,94,4.13,AU
566,Miyako,39.64,141.95,296.4,73,100,1.21,JP
567,Mandalgovi,45.76,106.27,289.81,33,28,3.95,MN
568,Mazatlán,23.22,-106.42,304.82,66,75,3.1,MX
569,Kargopol',61.51,38.95,281.56,88,25,2.47,RU
570,Port Keats,-14.25,129.55,295.11,90,7,0.77,AU
571,Bonthe,7.53,-12.51,297.66,81,100,4.5,SL
572,Ōkuchi-shinohara,32.07,130.62,298.71,83,0,1.79,JP
573,Aksu,41.12,80.26,297.35,26,17,0.81,CN
